AREA,DISTRIBUTOR,DISTRIBUTOR_NAME,YEAR,DIST_TOWN_DESC,MAP_CATEGORY,MAP_BRAND,MAP_SUB_CATEGORY,MAP_CHANNEL,AREATYPE,POPTYPE_DESC,CHANNEL_DESC,GSV (Gross Sales Value)
JHANG,50251173,ASIM TRADERS,2019,DIJKOT,BEVERAGES,LIPTON,BEVERAGES,GUDDI BAJI,Rural,GUDDI BAJI,RTM,11512.346
JHANG,50251173,ASIM TRADERS,2019,DIJKOT,BEVERAGES,LIPTON,BEVERAGES,Mohalla,Rural,Retailer,Mom & Pop,34496.7456
JHANG,50251173,ASIM TRADERS,2019,DIJKOT,BEVERAGES,LIPTON,BEVERAGES,Mohalla,Rural,Retailer,Mom & Pop,16480.7399
JHANG,50251173,ASIM TRADERS,2019,DIJKOT,BEVERAGES,LIPTON,BEVERAGES,Mohalla,Rural,Retailer,Mom & Pop,15078.4708
JHANG,50251173,ASIM TRADERS,2019,DIJKOT,BEVERAGES,LIPTON,BEVERAGES,Mohalla,Rural,Retailer,Mom & Pop,75541.41739
JHANG,50251173,ASIM TRADERS,2019,DIJKOT,BEVERAGES,LIPTON,BEVERAGES,Mohalla,Rural,Retailer,Mom & Pop,21513.6117
JHANG,50251173,ASIM TRADERS,2019,DIJKOT,BEVERAGES,LIPTON,BEVERAGES,Mohalla,Rural,Retailer,Mom & Pop,143201.1219
JHANG,50251173,ASIM TRADERS,2019,DIJKOT,BEVERAGES,LIPTON,BEVERAGES,Mohalla,Rural,Retailer,Mom & Pop,13232.9515
JHANG,50251173,ASIM TRADERS,2019,DIJKOT,BEVERAGES,LIPTON,BEVERAGES,Mohalla,Rural,Retailer,Mom & Pop,342795.4368
JHANG,50251173,ASIM TRADERS,2019,DIJKOT,BEVERAGES,LIPTON,BEVERAGES,Mohalla,Urban,Retailer,Mom & Pop,81634.0893
JHANG,50251173,ASIM TRADERS,2019,DIJKOT,BEVERAGES,LIPTON,BEVERAGES,Mohalla,Urban,Retailer,Mom & Pop,62687.2744
JHANG,50251173,ASIM TRADERS,2019,DIJKOT,BEVERAGES,LIPTON,BEVERAGES,Mohalla,Urban,Retailer,Mom & Pop,19406.17871
JHANG,50251173,ASIM TRADERS,2019,DIJKOT,BEVERAGES,LIPTON,BEVERAGES,Mohalla,Urban,Retailer,Mom & Pop,256309.8103
JHANG,50251173,ASIM TRADERS,2019,DIJKOT,BEVERAGES,LIPTON,BEVERAGES,Rehbar,Rural,DCR-2,RTM,176741.1079
JHANG,50251173,ASIM TRADERS,2019,DIJKOT,BEVERAGES,LIPTON,BEVERAGES,Wholesale,Rural,Whole Seller,RTM,2739449.444
JHANG,50251173,ASIM TRADERS,2019,DIJKOT,BEVERAGES,LIPTON,BEVERAGES,Wholesale,Rural,Whole Seller,RTM,652621.1663
JHANG,50251173,ASIM TRADERS,2019,DIJKOT,BEVERAGES,LIPTON,BEVERAGES,Wholesale,Rural,Whole Seller,RTM,486369.4723
JHANG,50251173,ASIM TRADERS,2019,DIJKOT,BEVERAGES,LIPTON,BEVERAGES,Wholesale,Urban,Whole Seller,RTM,1088615.288
JHANG,50251173,ASIM TRADERS,2019,DIJKOT,BEVERAGES,LIPTON T/B,BEVERAGES,Mohalla,Rural,Retailer,Mom & Pop,769.383
JHANG,50251173,ASIM TRADERS,2019,DIJKOT,BEVERAGES,LIPTON T/B,BEVERAGES,Mohalla,Urban,Retailer,Mom & Pop,104
JHANG,50251173,ASIM TRADERS,2019,DIJKOT,BEVERAGES,LIPTON T/B,BEVERAGES,Mohalla,Urban,Retailer,Mom & Pop,624
JHANG,50251173,ASIM TRADERS,2019,DIJKOT,BEVERAGES,LIPTON T/B,BEVERAGES,Mohalla,Urban,Retailer,Mom & Pop,1010.053
JHANG,50251173,ASIM TRADERS,2019,DIJKOT,BEVERAGES,LIPTON T/B,BEVERAGES,Wholesale,Urban,Whole Seller,RTM,39747.00853
JHANG,50251173,ASIM TRADERS,2019,DIJKOT,BEVERAGES,SUPREME,BEVERAGES,GUDDI BAJI,Rural,GUDDI BAJI,RTM,5119.3517
JHANG,50251173,ASIM TRADERS,2019,DIJKOT,BEVERAGES,SUPREME,BEVERAGES,Mohalla,Rural,Retailer,Mom & Pop,57691.54606
JHANG,50251173,ASIM TRADERS,2019,DIJKOT,BEVERAGES,SUPREME,BEVERAGES,Mohalla,Rural,Retailer,Mom & Pop,20877.3942
JHANG,50251173,ASIM TRADERS,2019,DIJKOT,BEVERAGES,SUPREME,BEVERAGES,Mohalla,Rural,Retailer,Mom & Pop,21888.2096
JHANG,50251173,ASIM TRADERS,2019,DIJKOT,BEVERAGES,SUPREME,BEVERAGES,Mohalla,Rural,Retailer,Mom & Pop,41168.88014
JHANG,50251173,ASIM TRADERS,2019,DIJKOT,BEVERAGES,SUPREME,BEVERAGES,Mohalla,Rural,Retailer,Mom & Pop,20412.8339
JHANG,50251173,ASIM TRADERS,2019,DIJKOT,BEVERAGES,SUPREME,BEVERAGES,Mohalla,Rural,Retailer,Mom & Pop,164513.6244
JHANG,50251173,ASIM TRADERS,2019,DIJKOT,BEVERAGES,SUPREME,BEVERAGES,Mohalla,Rural,Retailer,Mom & Pop,13361.9846
JHANG,50251173,ASIM TRADERS,2019,DIJKOT,BEVERAGES,SUPREME,BEVERAGES,Mohalla,Rural,Retailer,Mom & Pop,339631.6733
JHANG,50251173,ASIM TRADERS,2019,DIJKOT,BEVERAGES,SUPREME,BEVERAGES,Mohalla,Urban,Retailer,Mom & Pop,80630.3063
JHANG,50251173,ASIM TRADERS,2019,DIJKOT,BEVERAGES,SUPREME,BEVERAGES,Mohalla,Urban,Retailer,Mom & Pop,56600.3424
JHANG,50251173,ASIM TRADERS,2019,DIJKOT,BEVERAGES,SUPREME,BEVERAGES,Mohalla,Urban,Retailer,Mom & Pop,18886.62043
JHANG,50251173,ASIM TRADERS,2019,DIJKOT,BEVERAGES,SUPREME,BEVERAGES,Mohalla,Urban,Retailer,Mom & Pop,304649.3143
JHANG,50251173,ASIM TRADERS,2019,DIJKOT,BEVERAGES,SUPREME,BEVERAGES,Rehbar,Rural,DCR-2,RTM,480712.4368
JHANG,50251173,ASIM TRADERS,2019,DIJKOT,BEVERAGES,SUPREME,BEVERAGES,Wholesale,Rural,Whole Seller,RTM,4109639.645
JHANG,50251173,ASIM TRADERS,2019,DIJKOT,BEVERAGES,SUPREME,BEVERAGES,Wholesale,Rural,Whole Seller,RTM,2310722.148
JHANG,50251173,ASIM TRADERS,2019,DIJKOT,BEVERAGES,SUPREME,BEVERAGES,Wholesale,Rural,Whole Seller,RTM,1061156.038
JHANG,50251173,ASIM TRADERS,2019,DIJKOT,BEVERAGES,SUPREME,BEVERAGES,Wholesale,Urban,Whole Seller,RTM,2424272.931
JHANG,50251173,ASIM TRADERS,2019,DIJKOT,FOODS,CORN FLOUR,RAFHAN,Mohalla,Urban,Retailer,Mom & Pop,64.5161
JHANG,50251173,ASIM TRADERS,2019,DIJKOT,FOODS,CORN FLOUR,RAFHAN,Wholesale,Rural,Whole Seller,RTM,23824.88475
JHANG,50251173,ASIM TRADERS,2019,DIJKOT,FOODS,CORN FLOUR,RAFHAN,Wholesale,Urban,Whole Seller,RTM,44129.02766
JHANG,50251173,ASIM TRADERS,2019,DIJKOT,FOODS,CORN OIL,RAFHAN,Wholesale,Rural,Whole Seller,RTM,23608.12613
JHANG,50251173,ASIM TRADERS,2019,DIJKOT,FOODS,CORN OIL,RAFHAN,Wholesale,Urban,Whole Seller,RTM,24024.73946
JHANG,50251173,ASIM TRADERS,2019,DIJKOT,FOODS,CUBES,SAVOURY,Mohalla,Rural,Retailer,Mom & Pop,330.8514
JHANG,50251173,ASIM TRADERS,2019,DIJKOT,FOODS,CUBES,SAVOURY,Mohalla,Rural,Retailer,Mom & Pop,468.7064
JHANG,50251173,ASIM TRADERS,2019,DIJKOT,FOODS,CUBES,SAVOURY,Mohalla,Rural,Retailer,Mom & Pop,854.7004
JHANG,50251173,ASIM TRADERS,2019,DIJKOT,FOODS,CUBES,SAVOURY,Mohalla,Rural,Retailer,Mom & Pop,240.2608
JHANG,50251173,ASIM TRADERS,2019,DIJKOT,FOODS,CUBES,SAVOURY,Mohalla,Rural,Retailer,Mom & Pop,681.3962
JHANG,50251173,ASIM TRADERS,2019,DIJKOT,FOODS,CUBES,SAVOURY,Mohalla,Rural,Retailer,Mom & Pop,4982.4668
JHANG,50251173,ASIM TRADERS,2019,DIJKOT,FOODS,CUBES,SAVOURY,Mohalla,Rural,Retailer,Mom & Pop,492.3389
JHANG,50251173,ASIM TRADERS,2019,DIJKOT,FOODS,CUBES,SAVOURY,Mohalla,Rural,Retailer,Mom & Pop,7306.3048
JHANG,50251173,ASIM TRADERS,2019,DIJKOT,FOODS,CUBES,SAVOURY,Mohalla,Urban,Retailer,Mom & Pop,2465.6342
JHANG,50251173,ASIM TRADERS,2019,DIJKOT,FOODS,CUBES,SAVOURY,Mohalla,Urban,Retailer,Mom & Pop,4683.1333
JHANG,50251173,ASIM TRADERS,2019,DIJKOT,FOODS,CUBES,SAVOURY,Mohalla,Urban,Retailer,Mom & Pop,1047.6974
JHANG,50251173,ASIM TRADERS,2019,DIJKOT,FOODS,CUBES,SAVOURY,Mohalla,Urban,Retailer,Mom & Pop,12410.8822
JHANG,50251173,ASIM TRADERS,2019,DIJKOT,FOODS,CUSTARD,RAFHAN,GUDDI BAJI,Rural,GUDDI BAJI,RTM,135.794
JHANG,50251173,ASIM TRADERS,2019,DIJKOT,FOODS,CUSTARD,RAFHAN,Mohalla,Rural,Retailer,Mom & Pop,1469.766
JHANG,50251173,ASIM TRADERS,2019,DIJKOT,FOODS,CUSTARD,RAFHAN,Mohalla,Rural,Retailer,Mom & Pop,1525.6814
JHANG,50251173,ASIM TRADERS,2019,DIJKOT,FOODS,CUSTARD,RAFHAN,Mohalla,Rural,Retailer,Mom & Pop,1234.125
JHANG,50251173,ASIM TRADERS,2019,DIJKOT,FOODS,CUSTARD,RAFHAN,Mohalla,Rural,Retailer,Mom & Pop,611.0679
JHANG,50251173,ASIM TRADERS,2019,DIJKOT,FOODS,CUSTARD,RAFHAN,Mohalla,Rural,Retailer,Mom & Pop,2364.4069
JHANG,50251173,ASIM TRADERS,2019,DIJKOT,FOODS,CUSTARD,RAFHAN,Mohalla,Rural,Retailer,Mom & Pop,9988.8189
JHANG,50251173,ASIM TRADERS,2019,DIJKOT,FOODS,CUSTARD,RAFHAN,Mohalla,Rural,Retailer,Mom & Pop,271.588
JHANG,50251173,ASIM TRADERS,2019,DIJKOT,FOODS,CUSTARD,RAFHAN,Mohalla,Rural,Retailer,Mom & Pop,9952.8862
JHANG,50251173,ASIM TRADERS,2019,DIJKOT,FOODS,CUSTARD,RAFHAN,Mohalla,Urban,Retailer,Mom & Pop,8455.1613
JHANG,50251173,ASIM TRADERS,2019,DIJKOT,FOODS,CUSTARD,RAFHAN,Mohalla,Urban,Retailer,Mom & Pop,3810.2153
JHANG,50251173,ASIM TRADERS,2019,DIJKOT,FOODS,CUSTARD,RAFHAN,Mohalla,Urban,Retailer,Mom & Pop,2775.7827
JHANG,50251173,ASIM TRADERS,2019,DIJKOT,FOODS,CUSTARD,RAFHAN,Mohalla,Urban,Retailer,Mom & Pop,19474.4505
JHANG,50251173,ASIM TRADERS,2019,DIJKOT,FOODS,CUSTARD,RAFHAN,Rehbar,Rural,DCR-2,RTM,5751.245812
JHANG,50251173,ASIM TRADERS,2019,DIJKOT,FOODS,CUSTARD,RAFHAN,Wholesale,Rural,Whole Seller,RTM,15528.39683
JHANG,50251173,ASIM TRADERS,2019,DIJKOT,FOODS,CUSTARD,RAFHAN,Wholesale,Rural,Whole Seller,RTM,90150.83439
JHANG,50251173,ASIM TRADERS,2019,DIJKOT,FOODS,CUSTARD,RAFHAN,Wholesale,Urban,Whole Seller,RTM,2875.629043
JHANG,50251173,ASIM TRADERS,2019,DIJKOT,FOODS,GLAXOSE D,DRINKS,Wholesale,Urban,Whole Seller,RTM,286942.597
JHANG,50251173,ASIM TRADERS,2019,DIJKOT,FOODS,ICE CREAM POWDER,RAFHAN,Wholesale,Rural,Whole Seller,RTM,8626.868718
JHANG,50251173,ASIM TRADERS,2019,DIJKOT,FOODS,JELLY,RAFHAN,Wholesale,Rural,Whole Seller,RTM,16870.35066
JHANG,50251173,ASIM TRADERS,2019,DIJKOT,FOODS,NOODLES,SAVOURY,GUDDI BAJI,Rural,GUDDI BAJI,RTM,47.26
JHANG,50251173,ASIM TRADERS,2019,DIJKOT,FOODS,NOODLES,SAVOURY,Mohalla,Rural,Retailer,Mom & Pop,2268.694858
JHANG,50251173,ASIM TRADERS,2019,DIJKOT,FOODS,NOODLES,SAVOURY,Mohalla,Rural,Retailer,Mom & Pop,1193.4291
JHANG,50251173,ASIM TRADERS,2019,DIJKOT,FOODS,NOODLES,SAVOURY,Mohalla,Rural,Retailer,Mom & Pop,638.0711
JHANG,50251173,ASIM TRADERS,2019,DIJKOT,FOODS,NOODLES,SAVOURY,Mohalla,Rural,Retailer,Mom & Pop,259.9548
JHANG,50251173,ASIM TRADERS,2019,DIJKOT,FOODS,NOODLES,SAVOURY,Mohalla,Rural,Retailer,Mom & Pop,1205.2459
JHANG,50251173,ASIM TRADERS,2019,DIJKOT,FOODS,NOODLES,SAVOURY,Mohalla,Rural,Retailer,Mom & Pop,8779.381774
JHANG,50251173,ASIM TRADERS,2019,DIJKOT,FOODS,NOODLES,SAVOURY,Mohalla,Rural,Retailer,Mom & Pop,212.6902
JHANG,50251173,ASIM TRADERS,2019,DIJKOT,FOODS,NOODLES,SAVOURY,Mohalla,Rural,Retailer,Mom & Pop,9311.101232
JHANG,50251173,ASIM TRADERS,2019,DIJKOT,FOODS,NOODLES,SAVOURY,Mohalla,Urban,Retailer,Mom & Pop,3485.7591
JHANG,50251173,ASIM TRADERS,2019,DIJKOT,FOODS,NOODLES,SAVOURY,Mohalla,Urban,Retailer,Mom & Pop,4206.5419
JHANG,50251173,ASIM TRADERS,2019,DIJKOT,FOODS,NOODLES,SAVOURY,Mohalla,Urban,Retailer,Mom & Pop,1039.8198
JHANG,50251173,ASIM TRADERS,2019,DIJKOT,FOODS,NOODLES,SAVOURY,Mohalla,Urban,Retailer,Mom & Pop,12903.2114
JHANG,50251173,ASIM TRADERS,2019,DIJKOT,FOODS,NOODLES,SAVOURY,Rehbar,Rural,DCR-2,RTM,53597.89815
JHANG,50251173,ASIM TRADERS,2019,DIJKOT,FOODS,NOODLES,SAVOURY,Wholesale,Rural,Whole Seller,RTM,156539.911
JHANG,50251173,ASIM TRADERS,2019,DIJKOT,FOODS,NOODLES,SAVOURY,Wholesale,Rural,Whole Seller,RTM,10209.1159
JHANG,50251173,ASIM TRADERS,2019,DIJKOT,FOODS,NOODLES,SAVOURY,Wholesale,Urban,Whole Seller,RTM,8507.596581
JHANG,50251173,ASIM TRADERS,2019,DIJKOT,FOODS,SEASONING,SAVOURY,Mohalla,Rural,Retailer,Mom & Pop,311.946
JHANG,50251173,ASIM TRADERS,2019,DIJKOT,FOODS,SEASONING,SAVOURY,Mohalla,Urban,Retailer,Mom & Pop,311.946
JHANG,50251173,ASIM TRADERS,2019,DIJKOT,FOODS,SEASONING,SAVOURY,Mohalla,Urban,Retailer,Mom & Pop,311.946
JHANG,50251173,ASIM TRADERS,2019,DIJKOT,FOODS,SEASONING,SAVOURY,Mohalla,Urban,Retailer,Mom & Pop,77.9865
JHANG,50251173,ASIM TRADERS,2019,DIJKOT,FOODS,SEASONING,SAVOURY,Mohalla,Urban,Retailer,Mom & Pop,1013.8245
JHANG,50251173,ASIM TRADERS,2019,DIJKOT,HPC,CLEAR SHAMPOO,HAIR CARE,Mohalla,Rural,Retailer,Mom & Pop,513.239295
JHANG,50251173,ASIM TRADERS,2019,DIJKOT,HPC,CLEAR SHAMPOO,HAIR CARE,Mohalla,Rural,Retailer,Mom & Pop,264.27998
JHANG,50251173,ASIM TRADERS,2019,DIJKOT,HPC,CLEAR SHAMPOO,HAIR CARE,Mohalla,Rural,Retailer,Mom & Pop,248.959
JHANG,50251173,ASIM TRADERS,2019,DIJKOT,HPC,CLEAR SHAMPOO,HAIR CARE,Mohalla,Rural,Retailer,Mom & Pop,754.5378
JHANG,50251173,ASIM TRADERS,2019,DIJKOT,HPC,CLEAR SHAMPOO,HAIR CARE,Mohalla,Rural,Retailer,Mom & Pop,210.65762
JHANG,50251173,ASIM TRADERS,2019,DIJKOT,HPC,CLEAR SHAMPOO,HAIR CARE,Mohalla,Rural,Retailer,Mom & Pop,2301.91466
JHANG,50251173,ASIM TRADERS,2019,DIJKOT,HPC,CLEAR SHAMPOO,HAIR CARE,Mohalla,Rural,Retailer,Mom & Pop,233.6385
JHANG,50251173,ASIM TRADERS,2019,DIJKOT,HPC,CLEAR SHAMPOO,HAIR CARE,Mohalla,Rural,Retailer,Mom & Pop,6545.7112
JHANG,50251173,ASIM TRADERS,2019,DIJKOT,HPC,CLEAR SHAMPOO,HAIR CARE,Mohalla,Urban,Retailer,Mom & Pop,1337.47968
JHANG,50251173,ASIM TRADERS,2019,DIJKOT,HPC,CLEAR SHAMPOO,HAIR CARE,Mohalla,Urban,Retailer,Mom & Pop,2194.6666
JHANG,50251173,ASIM TRADERS,2019,DIJKOT,HPC,CLEAR SHAMPOO,HAIR CARE,Mohalla,Urban,Retailer,Mom & Pop,187.67632
JHANG,50251173,ASIM TRADERS,2019,DIJKOT,HPC,CLEAR SHAMPOO,HAIR CARE,Mohalla,Urban,Retailer,Mom & Pop,5614.2151
JHANG,50251173,ASIM TRADERS,2019,DIJKOT,HPC,CLEAR SHAMPOO,HAIR CARE,Wholesale,Urban,Whole Seller,RTM,98112.9505
JHANG,50251173,ASIM TRADERS,2019,DIJKOT,HPC,DOMEX,HHC,Mohalla,Urban,Retailer,Mom & Pop,118.388
JHANG,50251173,ASIM TRADERS,2019,DIJKOT,HPC,DOVE SHAMPOO,HAIR CARE,Mohalla,Rural,Retailer,Mom & Pop,7.63792
JHANG,50251173,ASIM TRADERS,2019,DIJKOT,HPC,DOVE SHAMPOO,HAIR CARE,Mohalla,Urban,Retailer,Mom & Pop,878.35964
JHANG,50251173,ASIM TRADERS,2019,DIJKOT,HPC,DOVE SHAMPOO,HAIR CARE,Mohalla,Urban,Retailer,Mom & Pop,1069.30804
JHANG,50251173,ASIM TRADERS,2019,DIJKOT,HPC,DOVE SHAMPOO,HAIR CARE,Mohalla,Urban,Retailer,Mom & Pop,68.74116
JHANG,50251173,ASIM TRADERS,2019,DIJKOT,HPC,DOVE SHAMPOO,HAIR CARE,Mohalla,Urban,Retailer,Mom & Pop,1657.42854
JHANG,50251173,ASIM TRADERS,2019,DIJKOT,HPC,DOVE SHAMPOO,HAIR CARE,Wholesale,Urban,Whole Seller,RTM,168.034188
JHANG,50251173,ASIM TRADERS,2019,DIJKOT,HPC,FAIR & LOVELY,SKIN CARE,Mohalla,Rural,Retailer,Mom & Pop,14733.95105
JHANG,50251173,ASIM TRADERS,2019,DIJKOT,HPC,FAIR & LOVELY,SKIN CARE,Mohalla,Rural,Retailer,Mom & Pop,4907.521
JHANG,50251173,ASIM TRADERS,2019,DIJKOT,HPC,FAIR & LOVELY,SKIN CARE,Mohalla,Rural,Retailer,Mom & Pop,4789.7699
JHANG,50251173,ASIM TRADERS,2019,DIJKOT,HPC,FAIR & LOVELY,SKIN CARE,Mohalla,Rural,Retailer,Mom & Pop,2518.33118
JHANG,50251173,ASIM TRADERS,2019,DIJKOT,HPC,FAIR & LOVELY,SKIN CARE,Mohalla,Rural,Retailer,Mom & Pop,8819.996536
JHANG,50251173,ASIM TRADERS,2019,DIJKOT,HPC,FAIR & LOVELY,SKIN CARE,Mohalla,Rural,Retailer,Mom & Pop,45876.11978
JHANG,50251173,ASIM TRADERS,2019,DIJKOT,HPC,FAIR & LOVELY,SKIN CARE,Mohalla,Rural,Retailer,Mom & Pop,2742.4379
JHANG,50251173,ASIM TRADERS,2019,DIJKOT,HPC,FAIR & LOVELY,SKIN CARE,Mohalla,Rural,Retailer,Mom & Pop,76211.41369
JHANG,50251173,ASIM TRADERS,2019,DIJKOT,HPC,FAIR & LOVELY,SKIN CARE,Mohalla,Urban,Retailer,Mom & Pop,32689.9969
JHANG,50251173,ASIM TRADERS,2019,DIJKOT,HPC,FAIR & LOVELY,SKIN CARE,Mohalla,Urban,Retailer,Mom & Pop,21586.24998
JHANG,50251173,ASIM TRADERS,2019,DIJKOT,HPC,FAIR & LOVELY,SKIN CARE,Mohalla,Urban,Retailer,Mom & Pop,6829.5137
JHANG,50251173,ASIM TRADERS,2019,DIJKOT,HPC,FAIR & LOVELY,SKIN CARE,Mohalla,Urban,Retailer,Mom & Pop,84321.73198
JHANG,50251173,ASIM TRADERS,2019,DIJKOT,HPC,FAIR & LOVELY,SKIN CARE,Wholesale,Urban,Whole Seller,RTM,574108.3049
JHANG,50251173,ASIM TRADERS,2019,DIJKOT,HPC,FAL FACE WASH,SKIN CARE,Mohalla,Rural,Retailer,Mom & Pop,474.7992
JHANG,50251173,ASIM TRADERS,2019,DIJKOT,HPC,FAL FACE WASH,SKIN CARE,Mohalla,Rural,Retailer,Mom & Pop,250.694
JHANG,50251173,ASIM TRADERS,2019,DIJKOT,HPC,FAL FACE WASH,SKIN CARE,Mohalla,Rural,Retailer,Mom & Pop,250.6905
JHANG,50251173,ASIM TRADERS,2019,DIJKOT,HPC,FAL FACE WASH,SKIN CARE,Mohalla,Rural,Retailer,Mom & Pop,125.3435
JHANG,50251173,ASIM TRADERS,2019,DIJKOT,HPC,FAL FACE WASH,SKIN CARE,Mohalla,Rural,Retailer,Mom & Pop,188.0205
JHANG,50251173,ASIM TRADERS,2019,DIJKOT,HPC,FAL FACE WASH,SKIN CARE,Mohalla,Rural,Retailer,Mom & Pop,1946.6769
JHANG,50251173,ASIM TRADERS,2019,DIJKOT,HPC,FAL FACE WASH,SKIN CARE,Mohalla,Rural,Retailer,Mom & Pop,62.67
JHANG,50251173,ASIM TRADERS,2019,DIJKOT,HPC,FAL FACE WASH,SKIN CARE,Mohalla,Rural,Retailer,Mom & Pop,3716.6898
JHANG,50251173,ASIM TRADERS,2019,DIJKOT,HPC,FAL FACE WASH,SKIN CARE,Mohalla,Urban,Retailer,Mom & Pop,1954.2733
JHANG,50251173,ASIM TRADERS,2019,DIJKOT,HPC,FAL FACE WASH,SKIN CARE,Mohalla,Urban,Retailer,Mom & Pop,1219.2842
JHANG,50251173,ASIM TRADERS,2019,DIJKOT,HPC,FAL FACE WASH,SKIN CARE,Mohalla,Urban,Retailer,Mom & Pop,833.7473
JHANG,50251173,ASIM TRADERS,2019,DIJKOT,HPC,FAL FACE WASH,SKIN CARE,Mohalla,Urban,Retailer,Mom & Pop,6856.1
JHANG,50251173,ASIM TRADERS,2019,DIJKOT,HPC,LIFEBUOY SHAMPOO,HAIR CARE,Mohalla,Rural,Retailer,Mom & Pop,52368.57411
JHANG,50251173,ASIM TRADERS,2019,DIJKOT,HPC,LIFEBUOY SHAMPOO,HAIR CARE,Mohalla,Rural,Retailer,Mom & Pop,19935.73162
JHANG,50251173,ASIM TRADERS,2019,DIJKOT,HPC,LIFEBUOY SHAMPOO,HAIR CARE,Mohalla,Rural,Retailer,Mom & Pop,10256.11545
JHANG,50251173,ASIM TRADERS,2019,DIJKOT,HPC,LIFEBUOY SHAMPOO,HAIR CARE,Mohalla,Rural,Retailer,Mom & Pop,22287.79411
JHANG,50251173,ASIM TRADERS,2019,DIJKOT,HPC,LIFEBUOY SHAMPOO,HAIR CARE,Mohalla,Rural,Retailer,Mom & Pop,13987.79877
JHANG,50251173,ASIM TRADERS,2019,DIJKOT,HPC,LIFEBUOY SHAMPOO,HAIR CARE,Mohalla,Rural,Retailer,Mom & Pop,84933.48105
JHANG,50251173,ASIM TRADERS,2019,DIJKOT,HPC,LIFEBUOY SHAMPOO,HAIR CARE,Mohalla,Rural,Retailer,Mom & Pop,3318.93593
JHANG,50251173,ASIM TRADERS,2019,DIJKOT,HPC,LIFEBUOY SHAMPOO,HAIR CARE,Mohalla,Rural,Retailer,Mom & Pop,142959.8754
JHANG,50251173,ASIM TRADERS,2019,DIJKOT,HPC,LIFEBUOY SHAMPOO,HAIR CARE,Mohalla,Urban,Retailer,Mom & Pop,83640.04648
JHANG,50251173,ASIM TRADERS,2019,DIJKOT,HPC,LIFEBUOY SHAMPOO,HAIR CARE,Mohalla,Urban,Retailer,Mom & Pop,41552.55055
JHANG,50251173,ASIM TRADERS,2019,DIJKOT,HPC,LIFEBUOY SHAMPOO,HAIR CARE,Mohalla,Urban,Retailer,Mom & Pop,12781.10093
JHANG,50251173,ASIM TRADERS,2019,DIJKOT,HPC,LIFEBUOY SHAMPOO,HAIR CARE,Mohalla,Urban,Retailer,Mom & Pop,147251.935
JHANG,50251173,ASIM TRADERS,2019,DIJKOT,HPC,LIFEBUOY SHAMPOO,HAIR CARE,Rehbar,Rural,DCR-2,RTM,214917.4253
JHANG,50251173,ASIM TRADERS,2019,DIJKOT,HPC,LIFEBUOY SHAMPOO,HAIR CARE,Wholesale,Rural,Whole Seller,RTM,14507.55366
JHANG,50251173,ASIM TRADERS,2019,DIJKOT,HPC,LIFEBUOY SHAMPOO,HAIR CARE,Wholesale,Rural,Whole Seller,RTM,157496.1314
JHANG,50251173,ASIM TRADERS,2019,DIJKOT,HPC,LIFEBUOY SHAMPOO,HAIR CARE,Wholesale,Rural,Whole Seller,RTM,424396.3803
JHANG,50251173,ASIM TRADERS,2019,DIJKOT,HPC,LIFEBUOY SHAMPOO,HAIR CARE,Wholesale,Urban,Whole Seller,RTM,1752815.725
JHANG,50251173,ASIM TRADERS,2019,DIJKOT,HPC,LIFEBUOY SOAP,SKIN CLEANSING,Mohalla,Rural,Retailer,Mom & Pop,14137.12088
JHANG,50251173,ASIM TRADERS,2019,DIJKOT,HPC,LIFEBUOY SOAP,SKIN CLEANSING,Mohalla,Rural,Retailer,Mom & Pop,5542.9728
JHANG,50251173,ASIM TRADERS,2019,DIJKOT,HPC,LIFEBUOY SOAP,SKIN CLEANSING,Mohalla,Rural,Retailer,Mom & Pop,5792.1849
JHANG,50251173,ASIM TRADERS,2019,DIJKOT,HPC,LIFEBUOY SOAP,SKIN CLEANSING,Mohalla,Rural,Retailer,Mom & Pop,14051.09494
JHANG,50251173,ASIM TRADERS,2019,DIJKOT,HPC,LIFEBUOY SOAP,SKIN CLEANSING,Mohalla,Rural,Retailer,Mom & Pop,7558.2392
JHANG,50251173,ASIM TRADERS,2019,DIJKOT,HPC,LIFEBUOY SOAP,SKIN CLEANSING,Mohalla,Rural,Retailer,Mom & Pop,63802.2709
JHANG,50251173,ASIM TRADERS,2019,DIJKOT,HPC,LIFEBUOY SOAP,SKIN CLEANSING,Mohalla,Rural,Retailer,Mom & Pop,1503.205
JHANG,50251173,ASIM TRADERS,2019,DIJKOT,HPC,LIFEBUOY SOAP,SKIN CLEANSING,Mohalla,Rural,Retailer,Mom & Pop,73694.8433
JHANG,50251173,ASIM TRADERS,2019,DIJKOT,HPC,LIFEBUOY SOAP,SKIN CLEANSING,Mohalla,Urban,Retailer,Mom & Pop,37618.87444
JHANG,50251173,ASIM TRADERS,2019,DIJKOT,HPC,LIFEBUOY SOAP,SKIN CLEANSING,Mohalla,Urban,Retailer,Mom & Pop,21664.897
JHANG,50251173,ASIM TRADERS,2019,DIJKOT,HPC,LIFEBUOY SOAP,SKIN CLEANSING,Mohalla,Urban,Retailer,Mom & Pop,9262.4159
JHANG,50251173,ASIM TRADERS,2019,DIJKOT,HPC,LIFEBUOY SOAP,SKIN CLEANSING,Mohalla,Urban,Retailer,Mom & Pop,106875.867
JHANG,50251173,ASIM TRADERS,2019,DIJKOT,HPC,LIFEBUOY SOAP,SKIN CLEANSING,Rehbar,Rural,DCR-2,RTM,10285.93714
JHANG,50251173,ASIM TRADERS,2019,DIJKOT,HPC,LIFEBUOY SOAP,SKIN CLEANSING,Wholesale,Rural,Whole Seller,RTM,35246.79542
JHANG,50251173,ASIM TRADERS,2019,DIJKOT,HPC,LIFEBUOY SOAP,SKIN CLEANSING,Wholesale,Rural,Whole Seller,RTM,62699.77124
JHANG,50251173,ASIM TRADERS,2019,DIJKOT,HPC,LIFEBUOY SOAP,SKIN CLEANSING,Wholesale,Rural,Whole Seller,RTM,53144.00857
JHANG,50251173,ASIM TRADERS,2019,DIJKOT,HPC,LIFEBUOY SOAP,SKIN CLEANSING,Wholesale,Urban,Whole Seller,RTM,91811.51306
JHANG,50251173,ASIM TRADERS,2019,DIJKOT,HPC,LUX SOAP,SKIN CLEANSING,Mohalla,Rural,Retailer,Mom & Pop,11788.35023
JHANG,50251173,ASIM TRADERS,2019,DIJKOT,HPC,LUX SOAP,SKIN CLEANSING,Mohalla,Rural,Retailer,Mom & Pop,2706.8668
JHANG,50251173,ASIM TRADERS,2019,DIJKOT,HPC,LUX SOAP,SKIN CLEANSING,Mohalla,Rural,Retailer,Mom & Pop,1691.095
JHANG,50251173,ASIM TRADERS,2019,DIJKOT,HPC,LUX SOAP,SKIN CLEANSING,Mohalla,Rural,Retailer,Mom & Pop,24025.309
JHANG,50251173,ASIM TRADERS,2019,DIJKOT,HPC,LUX SOAP,SKIN CLEANSING,Mohalla,Rural,Retailer,Mom & Pop,5610.998793
JHANG,50251173,ASIM TRADERS,2019,DIJKOT,HPC,LUX SOAP,SKIN CLEANSING,Mohalla,Rural,Retailer,Mom & Pop,26032.2138
JHANG,50251173,ASIM TRADERS,2019,DIJKOT,HPC,LUX SOAP,SKIN CLEANSING,Mohalla,Rural,Retailer,Mom & Pop,353.1734
JHANG,50251173,ASIM TRADERS,2019,DIJKOT,HPC,LUX SOAP,SKIN CLEANSING,Mohalla,Rural,Retailer,Mom & Pop,25693.3546
JHANG,50251173,ASIM TRADERS,2019,DIJKOT,HPC,LUX SOAP,SKIN CLEANSING,Mohalla,Urban,Retailer,Mom & Pop,16180.7604
JHANG,50251173,ASIM TRADERS,2019,DIJKOT,HPC,LUX SOAP,SKIN CLEANSING,Mohalla,Urban,Retailer,Mom & Pop,8544.5722
JHANG,50251173,ASIM TRADERS,2019,DIJKOT,HPC,LUX SOAP,SKIN CLEANSING,Mohalla,Urban,Retailer,Mom & Pop,3417.9848
JHANG,50251173,ASIM TRADERS,2019,DIJKOT,HPC,LUX SOAP,SKIN CLEANSING,Mohalla,Urban,Retailer,Mom & Pop,44172.1385
JHANG,50251173,ASIM TRADERS,2019,DIJKOT,HPC,LUX SOAP,SKIN CLEANSING,Rehbar,Rural,DCR-2,RTM,100883.3828
JHANG,50251173,ASIM TRADERS,2019,DIJKOT,HPC,LUX SOAP,SKIN CLEANSING,Wholesale,Rural,Whole Seller,RTM,232849.169
JHANG,50251173,ASIM TRADERS,2019,DIJKOT,HPC,LUX SOAP,SKIN CLEANSING,Wholesale,Rural,Whole Seller,RTM,154288.8635
JHANG,50251173,ASIM TRADERS,2019,DIJKOT,HPC,LUX SOAP,SKIN CLEANSING,Wholesale,Urban,Whole Seller,RTM,402044.4774
JHANG,50251173,ASIM TRADERS,2019,DIJKOT,HPC,PONDS,SKIN CARE,Mohalla,Rural,Retailer,Mom & Pop,208.704
JHANG,50251173,ASIM TRADERS,2019,DIJKOT,HPC,PONDS,SKIN CARE,Rehbar,Rural,DCR-2,RTM,34134.5539
JHANG,50251173,ASIM TRADERS,2019,DIJKOT,HPC,PONDS,SKIN CARE,Wholesale,Urban,Whole Seller,RTM,99864.44037
JHANG,50251173,ASIM TRADERS,2019,DIJKOT,HPC,SUNLIGHT,LAUNDRY,Mohalla,Rural,Retailer,Mom & Pop,12019.10208
JHANG,50251173,ASIM TRADERS,2019,DIJKOT,HPC,SUNLIGHT,LAUNDRY,Mohalla,Rural,Retailer,Mom & Pop,3532.302
JHANG,50251173,ASIM TRADERS,2019,DIJKOT,HPC,SUNLIGHT,LAUNDRY,Mohalla,Rural,Retailer,Mom & Pop,5245.4193
JHANG,50251173,ASIM TRADERS,2019,DIJKOT,HPC,SUNLIGHT,LAUNDRY,Mohalla,Rural,Retailer,Mom & Pop,8793.831354
JHANG,50251173,ASIM TRADERS,2019,DIJKOT,HPC,SUNLIGHT,LAUNDRY,Mohalla,Rural,Retailer,Mom & Pop,6349.168448
JHANG,50251173,ASIM TRADERS,2019,DIJKOT,HPC,SUNLIGHT,LAUNDRY,Mohalla,Rural,Retailer,Mom & Pop,27156.48381
JHANG,50251173,ASIM TRADERS,2019,DIJKOT,HPC,SUNLIGHT,LAUNDRY,Mohalla,Rural,Retailer,Mom & Pop,1883.4225
JHANG,50251173,ASIM TRADERS,2019,DIJKOT,HPC,SUNLIGHT,LAUNDRY,Mohalla,Rural,Retailer,Mom & Pop,49967.51182
JHANG,50251173,ASIM TRADERS,2019,DIJKOT,HPC,SUNLIGHT,LAUNDRY,Mohalla,Urban,Retailer,Mom & Pop,28804.08434
JHANG,50251173,ASIM TRADERS,2019,DIJKOT,HPC,SUNLIGHT,LAUNDRY,Mohalla,Urban,Retailer,Mom & Pop,11460.1443
JHANG,50251173,ASIM TRADERS,2019,DIJKOT,HPC,SUNLIGHT,LAUNDRY,Mohalla,Urban,Retailer,Mom & Pop,4701.2744
JHANG,50251173,ASIM TRADERS,2019,DIJKOT,HPC,SUNLIGHT,LAUNDRY,Mohalla,Urban,Retailer,Mom & Pop,51527.81763
JHANG,50251173,ASIM TRADERS,2019,DIJKOT,HPC,SUNLIGHT,LAUNDRY,Rehbar,Rural,DCR-2,RTM,52533.76158
JHANG,50251173,ASIM TRADERS,2019,DIJKOT,HPC,SUNLIGHT,LAUNDRY,Wholesale,Rural,Whole Seller,RTM,2905.4945
JHANG,50251173,ASIM TRADERS,2019,DIJKOT,HPC,SUNLIGHT,LAUNDRY,Wholesale,Rural,Whole Seller,RTM,10546.94499
JHANG,50251173,ASIM TRADERS,2019,DIJKOT,HPC,SUNLIGHT,LAUNDRY,Wholesale,Rural,Whole Seller,RTM,958.813181
JHANG,50251173,ASIM TRADERS,2019,DIJKOT,HPC,SUNLIGHT,LAUNDRY,Wholesale,Urban,Whole Seller,RTM,70304.39362
JHANG,50251173,ASIM TRADERS,2019,DIJKOT,HPC,SUNSILK SHAMPOO,HAIR CARE,Mohalla,Rural,Retailer,Mom & Pop,18512.59983
FAISALABAD II,15147363,Hassan Traders-LMT,2019,FAISALABAD-SPMKT,BEVERAGES,LIPTON,BEVERAGES,LMT +  Interface,Urban,Super Market,Small Supermarket,11128681.67
FAISALABAD II,15147363,Hassan Traders-LMT,2019,FAISALABAD-SPMKT,BEVERAGES,LIPTON,BEVERAGES,LMT +  Interface,Urban,Super Market,Small Supermarket,21711814.6
FAISALABAD II,15147363,Hassan Traders-LMT,2019,FAISALABAD-SPMKT,BEVERAGES,LIPTON,BEVERAGES,LMT +  Interface,Urban,Super Market,Small Supermarket,239683.9455
FAISALABAD II,15147363,Hassan Traders-LMT,2019,FAISALABAD-SPMKT,BEVERAGES,LIPTON T/B,BEVERAGES,LMT +  Interface,Urban,Super Market,Small Supermarket,173444.8195
FAISALABAD II,15147363,Hassan Traders-LMT,2019,FAISALABAD-SPMKT,BEVERAGES,LIPTON T/B,BEVERAGES,LMT +  Interface,Urban,Super Market,Small Supermarket,302300.5916
FAISALABAD II,15147363,Hassan Traders-LMT,2019,FAISALABAD-SPMKT,BEVERAGES,LIPTON T/B,BEVERAGES,LMT +  Interface,Urban,Super Market,Small Supermarket,3620.664238
FAISALABAD II,15147363,Hassan Traders-LMT,2019,FAISALABAD-SPMKT,BEVERAGES,SUPREME,BEVERAGES,LMT +  Interface,Urban,Super Market,Small Supermarket,6257708.524
FAISALABAD II,15147363,Hassan Traders-LMT,2019,FAISALABAD-SPMKT,BEVERAGES,SUPREME,BEVERAGES,LMT +  Interface,Urban,Super Market,Small Supermarket,8722509.88
FAISALABAD II,15147363,Hassan Traders-LMT,2019,FAISALABAD-SPMKT,BEVERAGES,SUPREME,BEVERAGES,LMT +  Interface,Urban,Super Market,Small Supermarket,252139.1937
FAISALABAD II,15147363,Hassan Traders-LMT,2019,FAISALABAD-SPMKT,FOODS,CHILLI GARLIC,SAVOURY,LMT +  Interface,Urban,Super Market,Small Supermarket,63547.99297
FAISALABAD II,15147363,Hassan Traders-LMT,2019,FAISALABAD-SPMKT,FOODS,CHILLI GARLIC,SAVOURY,LMT +  Interface,Urban,Super Market,Small Supermarket,68869.19506
FAISALABAD II,15147363,Hassan Traders-LMT,2019,FAISALABAD-SPMKT,FOODS,CHILLI GARLIC,SAVOURY,LMT +  Interface,Urban,Super Market,Small Supermarket,3086.375974
FAISALABAD II,15147363,Hassan Traders-LMT,2019,FAISALABAD-SPMKT,FOODS,CORN FLOUR,RAFHAN,LMT +  Interface,Urban,Super Market,Small Supermarket,65400.92148
FAISALABAD II,15147363,Hassan Traders-LMT,2019,FAISALABAD-SPMKT,FOODS,CORN FLOUR,RAFHAN,LMT +  Interface,Urban,Super Market,Small Supermarket,56654.37775
FAISALABAD II,15147363,Hassan Traders-LMT,2019,FAISALABAD-SPMKT,FOODS,CORN FLOUR,RAFHAN,LMT +  Interface,Urban,Super Market,Small Supermarket,645.161288
FAISALABAD II,15147363,Hassan Traders-LMT,2019,FAISALABAD-SPMKT,FOODS,CORN FLOUR,RAFHAN,LMT +  Interface,Urban,Super Market,Small Supermarket,1990.78341
FAISALABAD II,15147363,Hassan Traders-LMT,2019,FAISALABAD-SPMKT,FOODS,CORN OIL,RAFHAN,LMT +  Interface,Urban,Super Market,Small Supermarket,368931.9468
FAISALABAD II,15147363,Hassan Traders-LMT,2019,FAISALABAD-SPMKT,FOODS,CORN OIL,RAFHAN,LMT +  Interface,Urban,Super Market,Small Supermarket,444320.7776
FAISALABAD II,15147363,Hassan Traders-LMT,2019,FAISALABAD-SPMKT,FOODS,CUBES,SAVOURY,LMT +  Interface,Urban,Super Market,Small Supermarket,86281.46003
FAISALABAD II,15147363,Hassan Traders-LMT,2019,FAISALABAD-SPMKT,FOODS,CUBES,SAVOURY,LMT +  Interface,Urban,Super Market,Small Supermarket,115833.6285
FAISALABAD II,15147363,Hassan Traders-LMT,2019,FAISALABAD-SPMKT,FOODS,CUBES,SAVOURY,LMT +  Interface,Urban,Super Market,Small Supermarket,437.197217
FAISALABAD II,15147363,Hassan Traders-LMT,2019,FAISALABAD-SPMKT,FOODS,CUSTARD,RAFHAN,LMT +  Interface,Urban,Super Market,Small Supermarket,83101.68554
FAISALABAD II,15147363,Hassan Traders-LMT,2019,FAISALABAD-SPMKT,FOODS,CUSTARD,RAFHAN,LMT +  Interface,Urban,Super Market,Small Supermarket,228348.9101
FAISALABAD II,15147363,Hassan Traders-LMT,2019,FAISALABAD-SPMKT,FOODS,CUSTARD,RAFHAN,LMT +  Interface,Urban,Super Market,Small Supermarket,1941.049602
FAISALABAD II,15147363,Hassan Traders-LMT,2019,FAISALABAD-SPMKT,FOODS,ENERGILE,DRINKS,LMT +  Interface,Urban,Super Market,Small Supermarket,3458.683084
FAISALABAD II,15147363,Hassan Traders-LMT,2019,FAISALABAD-SPMKT,FOODS,ENERGILE,DRINKS,LMT +  Interface,Urban,Super Market,Small Supermarket,3726.527244
FAISALABAD II,15147363,Hassan Traders-LMT,2019,FAISALABAD-SPMKT,FOODS,GLAXOSE D,DRINKS,LMT +  Interface,Urban,Super Market,Small Supermarket,5671.747599
FAISALABAD II,15147363,Hassan Traders-LMT,2019,FAISALABAD-SPMKT,FOODS,GLAXOSE D,DRINKS,LMT +  Interface,Urban,Super Market,Small Supermarket,5496.627675
FAISALABAD II,15147363,Hassan Traders-LMT,2019,FAISALABAD-SPMKT,FOODS,ICE CREAM POWDER,RAFHAN,LMT +  Interface,Urban,Super Market,Small Supermarket,8375.25335
FAISALABAD II,15147363,Hassan Traders-LMT,2019,FAISALABAD-SPMKT,FOODS,ICE CREAM POWDER,RAFHAN,LMT +  Interface,Urban,Super Market,Small Supermarket,5176.126139
FAISALABAD II,15147363,Hassan Traders-LMT,2019,FAISALABAD-SPMKT,FOODS,ICE CREAM POWDER,RAFHAN,LMT +  Interface,Urban,Super Market,Small Supermarket,11502.51614
FAISALABAD II,15147363,Hassan Traders-LMT,2019,FAISALABAD-SPMKT,FOODS,JELLY,RAFHAN,LMT +  Interface,Urban,Super Market,Small Supermarket,27270.54648
FAISALABAD II,15147363,Hassan Traders-LMT,2019,FAISALABAD-SPMKT,FOODS,JELLY,RAFHAN,LMT +  Interface,Urban,Super Market,Small Supermarket,143358.0658
FAISALABAD II,15147363,Hassan Traders-LMT,2019,FAISALABAD-SPMKT,FOODS,JELLY,RAFHAN,LMT +  Interface,Urban,Super Market,Small Supermarket,1389.886974
FAISALABAD II,15147363,Hassan Traders-LMT,2019,FAISALABAD-SPMKT,FOODS,KETCHUP,SAVOURY,LMT +  Interface,Urban,Super Market,Small Supermarket,63586.58909
FAISALABAD II,15147363,Hassan Traders-LMT,2019,FAISALABAD-SPMKT,FOODS,KETCHUP,SAVOURY,LMT +  Interface,Urban,Super Market,Small Supermarket,48753.39391
FAISALABAD II,15147363,Hassan Traders-LMT,2019,FAISALABAD-SPMKT,FOODS,KETCHUP,SAVOURY,LMT +  Interface,Urban,Super Market,Small Supermarket,2701.957536
FAISALABAD II,15147363,Hassan Traders-LMT,2019,FAISALABAD-SPMKT,FOODS,NOODLES,SAVOURY,LMT +  Interface,Urban,Super Market,Small Supermarket,675788.7278
FAISALABAD II,15147363,Hassan Traders-LMT,2019,FAISALABAD-SPMKT,FOODS,NOODLES,SAVOURY,LMT +  Interface,Urban,Super Market,Small Supermarket,936700.9306
FAISALABAD II,15147363,Hassan Traders-LMT,2019,FAISALABAD-SPMKT,FOODS,NOODLES,SAVOURY,LMT +  Interface,Urban,Super Market,Small Supermarket,18929.45758
FAISALABAD II,15147363,Hassan Traders-LMT,2019,FAISALABAD-SPMKT,FOODS,PUDDING,RAFHAN,LMT +  Interface,Urban,Super Market,Small Supermarket,5447.720113
FAISALABAD II,15147363,Hassan Traders-LMT,2019,FAISALABAD-SPMKT,FOODS,PUDDING,RAFHAN,LMT +  Interface,Urban,Super Market,Small Supermarket,7772.187914
FAISALABAD II,15147363,Hassan Traders-LMT,2019,FAISALABAD-SPMKT,FOODS,PUDDING,RAFHAN,LMT +  Interface,Urban,Super Market,Small Supermarket,383.417229
FAISALABAD II,15147363,Hassan Traders-LMT,2019,FAISALABAD-SPMKT,FOODS,SEASONING,SAVOURY,LMT +  Interface,Urban,Super Market,Small Supermarket,33768.16746
FAISALABAD II,15147363,Hassan Traders-LMT,2019,FAISALABAD-SPMKT,FOODS,SEASONING,SAVOURY,LMT +  Interface,Urban,Super Market,Small Supermarket,38369.37259
FAISALABAD II,15147363,Hassan Traders-LMT,2019,FAISALABAD-SPMKT,FOODS,SEASONING,SAVOURY,LMT +  Interface,Urban,Super Market,Small Supermarket,935.83836
FAISALABAD II,15147363,Hassan Traders-LMT,2019,FAISALABAD-SPMKT,FOODS,SOUPS,SAVOURY,LMT +  Interface,Urban,Super Market,Small Supermarket,44750.0861
FAISALABAD II,15147363,Hassan Traders-LMT,2019,FAISALABAD-SPMKT,FOODS,SOUPS,SAVOURY,LMT +  Interface,Urban,Super Market,Small Supermarket,44920.24112
FAISALABAD II,15147363,Hassan Traders-LMT,2019,FAISALABAD-SPMKT,FOODS,SOUPS,SAVOURY,LMT +  Interface,Urban,Super Market,Small Supermarket,935.83836
FAISALABAD II,15147363,Hassan Traders-LMT,2019,FAISALABAD-SPMKT,FOODS,YAKHNI,SAVOURY,LMT +  Interface,Urban,Super Market,Small Supermarket,3121.036634
FAISALABAD II,15147363,Hassan Traders-LMT,2019,FAISALABAD-SPMKT,FOODS,YAKHNI,SAVOURY,LMT +  Interface,Urban,Super Market,Small Supermarket,2712.985908
FAISALABAD II,15147363,Hassan Traders-LMT,2019,FAISALABAD-SPMKT,FOODS,YAKHNI,SAVOURY,LMT +  Interface,Urban,Super Market,Small Supermarket,441.13592
FAISALABAD II,15147363,Hassan Traders-LMT,2019,FAISALABAD-SPMKT,HPC,CLEAR SHAMPOO,HAIR CARE,LMT +  Interface,Urban,Super Market,Small Supermarket,283882.5605
FAISALABAD II,15147363,Hassan Traders-LMT,2019,FAISALABAD-SPMKT,HPC,CLEAR SHAMPOO,HAIR CARE,LMT +  Interface,Urban,Super Market,Small Supermarket,295120.201
FAISALABAD II,15147363,Hassan Traders-LMT,2019,FAISALABAD-SPMKT,HPC,CLEAR SHAMPOO,HAIR CARE,LMT +  Interface,Urban,Super Market,Small Supermarket,4251.459054
FAISALABAD II,15147363,Hassan Traders-LMT,2019,FAISALABAD-SPMKT,HPC,COMFORT,LAUNDRY,LMT +  Interface,Urban,Super Market,Small Supermarket,40380.7303
FAISALABAD II,15147363,Hassan Traders-LMT,2019,FAISALABAD-SPMKT,HPC,COMFORT,LAUNDRY,LMT +  Interface,Urban,Super Market,Small Supermarket,65291.37524
FAISALABAD II,15147363,Hassan Traders-LMT,2019,FAISALABAD-SPMKT,HPC,COMFORT,LAUNDRY,LMT +  Interface,Urban,Super Market,Small Supermarket,1025.641026
FAISALABAD II,15147363,Hassan Traders-LMT,2019,FAISALABAD-SPMKT,HPC,DOMEX,HHC,LMT +  Interface,Urban,Super Market,Small Supermarket,17826.89973
FAISALABAD II,15147363,Hassan Traders-LMT,2019,FAISALABAD-SPMKT,HPC,DOMEX,HHC,LMT +  Interface,Urban,Super Market,Small Supermarket,22531.857
FAISALABAD II,15147363,Hassan Traders-LMT,2019,FAISALABAD-SPMKT,HPC,DOMEX,HHC,LMT +  Interface,Urban,Super Market,Small Supermarket,641.585081
FAISALABAD II,15147363,Hassan Traders-LMT,2019,FAISALABAD-SPMKT,HPC,DOVE COND,HAIR CARE,LMT +  Interface,Urban,Super Market,Small Supermarket,27404.84853
FAISALABAD II,15147363,Hassan Traders-LMT,2019,FAISALABAD-SPMKT,HPC,DOVE COND,HAIR CARE,LMT +  Interface,Urban,Super Market,Small Supermarket,49539.53386
FAISALABAD II,15147363,Hassan Traders-LMT,2019,FAISALABAD-SPMKT,HPC,DOVE COND,HAIR CARE,LMT +  Interface,Urban,Super Market,Small Supermarket,1581.048954
FAISALABAD II,15147363,Hassan Traders-LMT,2019,FAISALABAD-SPMKT,HPC,DOVE SHAMPOO,HAIR CARE,LMT +  Interface,Urban,Super Market,Small Supermarket,187025.1435
FAISALABAD II,15147363,Hassan Traders-LMT,2019,FAISALABAD-SPMKT,HPC,DOVE SHAMPOO,HAIR CARE,LMT +  Interface,Urban,Super Market,Small Supermarket,308717.5325
FAISALABAD II,15147363,Hassan Traders-LMT,2019,FAISALABAD-SPMKT,HPC,DOVE SHAMPOO,HAIR CARE,LMT +  Interface,Urban,Super Market,Small Supermarket,4766.060604
FAISALABAD II,15147363,Hassan Traders-LMT,2019,FAISALABAD-SPMKT,HPC,FAIR & LOVELY,SKIN CARE,LMT +  Interface,Urban,Super Market,Small Supermarket,273176.6257
FAISALABAD II,15147363,Hassan Traders-LMT,2019,FAISALABAD-SPMKT,HPC,FAIR & LOVELY,SKIN CARE,LMT +  Interface,Urban,Super Market,Small Supermarket,1149816.515
FAISALABAD II,15147363,Hassan Traders-LMT,2019,FAISALABAD-SPMKT,HPC,FAIR & LOVELY,SKIN CARE,LMT +  Interface,Urban,Super Market,Small Supermarket,9899.568336
FAISALABAD II,15147363,Hassan Traders-LMT,2019,FAISALABAD-SPMKT,HPC,FAL FACE WASH,SKIN CARE,LMT +  Interface,Urban,Super Market,Small Supermarket,31416.49319
FAISALABAD II,15147363,Hassan Traders-LMT,2019,FAISALABAD-SPMKT,HPC,FAL FACE WASH,SKIN CARE,LMT +  Interface,Urban,Super Market,Small Supermarket,103251.6666
FAISALABAD II,15147363,Hassan Traders-LMT,2019,FAISALABAD-SPMKT,HPC,FAL FACE WASH,SKIN CARE,LMT +  Interface,Urban,Super Market,Small Supermarket,1578.231522
FAISALABAD II,15147363,Hassan Traders-LMT,2019,FAISALABAD-SPMKT,HPC,LB LIQUID,SKIN CLEANSING,LMT +  Interface,Urban,Super Market,Small Supermarket,114859.0631
FAISALABAD II,15147363,Hassan Traders-LMT,2019,FAISALABAD-SPMKT,HPC,LB LIQUID,SKIN CLEANSING,LMT +  Interface,Urban,Super Market,Small Supermarket,138697.8355
FAISALABAD II,15147363,Hassan Traders-LMT,2019,FAISALABAD-SPMKT,HPC,LB LIQUID,SKIN CLEANSING,LMT +  Interface,Urban,Super Market,Small Supermarket,3427.897425
FAISALABAD II,15147363,Hassan Traders-LMT,2019,FAISALABAD-SPMKT,HPC,LIFEBUOY SHAMPOO,HAIR CARE,LMT +  Interface,Urban,Super Market,Small Supermarket,566135.0871
FAISALABAD II,15147363,Hassan Traders-LMT,2019,FAISALABAD-SPMKT,HPC,LIFEBUOY SHAMPOO,HAIR CARE,LMT +  Interface,Urban,Super Market,Small Supermarket,1362429.513
FAISALABAD II,15147363,Hassan Traders-LMT,2019,FAISALABAD-SPMKT,HPC,LIFEBUOY SHAMPOO,HAIR CARE,LMT +  Interface,Urban,Super Market,Small Supermarket,7161.103394
FAISALABAD II,15147363,Hassan Traders-LMT,2019,FAISALABAD-SPMKT,HPC,LIFEBUOY SOAP,SKIN CLEANSING,LMT +  Interface,Urban,Super Market,Small Supermarket,524864.03
FAISALABAD II,15147363,Hassan Traders-LMT,2019,FAISALABAD-SPMKT,HPC,LIFEBUOY SOAP,SKIN CLEANSING,LMT +  Interface,Urban,Super Market,Small Supermarket,1031660.053
FAISALABAD II,15147363,Hassan Traders-LMT,2019,FAISALABAD-SPMKT,HPC,LIFEBUOY SOAP,SKIN CLEANSING,LMT +  Interface,Urban,Super Market,Small Supermarket,7039.835068
FAISALABAD II,15147363,Hassan Traders-LMT,2019,FAISALABAD-SPMKT,HPC,LUX LIQUID,SKIN CLEANSING,LMT +  Interface,Urban,Super Market,Small Supermarket,13985.5089
FAISALABAD II,15147363,Hassan Traders-LMT,2019,FAISALABAD-SPMKT,HPC,LUX LIQUID,SKIN CLEANSING,LMT +  Interface,Urban,Super Market,Small Supermarket,28401.51538
FAISALABAD II,15147363,Hassan Traders-LMT,2019,FAISALABAD-SPMKT,HPC,LUX SOAP,SKIN CLEANSING,LMT +  Interface,Urban,Super Market,Small Supermarket,5518656.232
FAISALABAD II,15147363,Hassan Traders-LMT,2019,FAISALABAD-SPMKT,HPC,LUX SOAP,SKIN CLEANSING,LMT +  Interface,Urban,Super Market,Small Supermarket,9700970.36
FAISALABAD II,15147363,Hassan Traders-LMT,2019,FAISALABAD-SPMKT,HPC,LUX SOAP,SKIN CLEANSING,LMT +  Interface,Urban,Super Market,Small Supermarket,402935.3643
FAISALABAD II,15147363,Hassan Traders-LMT,2019,FAISALABAD-SPMKT,HPC,PONDS,SKIN CARE,LMT +  Interface,Urban,Super Market,Small Supermarket,88803.17531
FAISALABAD II,15147363,Hassan Traders-LMT,2019,FAISALABAD-SPMKT,HPC,PONDS,SKIN CARE,LMT +  Interface,Urban,Super Market,Small Supermarket,163739.1882
FAISALABAD II,15147363,Hassan Traders-LMT,2019,FAISALABAD-SPMKT,HPC,PONDS,SKIN CARE,LMT +  Interface,Urban,Super Market,Small Supermarket,2295.734262
FAISALABAD II,15147363,Hassan Traders-LMT,2019,FAISALABAD-SPMKT,HPC,PONDS FACE WASH,SKIN CARE,LMT +  Interface,Urban,Super Market,Small Supermarket,57180.80637
FAISALABAD II,15147363,Hassan Traders-LMT,2019,FAISALABAD-SPMKT,HPC,PONDS FACE WASH,SKIN CARE,LMT +  Interface,Urban,Super Market,Small Supermarket,125413.9129
FAISALABAD II,15147363,Hassan Traders-LMT,2019,FAISALABAD-SPMKT,HPC,PONDS FACE WASH,SKIN CARE,LMT +  Interface,Urban,Super Market,Small Supermarket,4584.604236
FAISALABAD II,15147363,Hassan Traders-LMT,2019,FAISALABAD-SPMKT,HPC,RIN,LAUNDRY,LMT +  Interface,Urban,Super Market,Small Supermarket,36222.83224
FAISALABAD II,15147363,Hassan Traders-LMT,2019,FAISALABAD-SPMKT,HPC,RIN,LAUNDRY,LMT +  Interface,Urban,Super Market,Small Supermarket,38700.85484
FAISALABAD II,15147363,Hassan Traders-LMT,2019,FAISALABAD-SPMKT,HPC,SUNLIGHT,LAUNDRY,LMT +  Interface,Urban,Super Market,Small Supermarket,74103.96725
FAISALABAD II,15147363,Hassan Traders-LMT,2019,FAISALABAD-SPMKT,HPC,SUNLIGHT,LAUNDRY,LMT +  Interface,Urban,Super Market,Small Supermarket,80716.32896
FAISALABAD II,15147363,Hassan Traders-LMT,2019,FAISALABAD-SPMKT,HPC,SUNLIGHT,LAUNDRY,LMT +  Interface,Urban,Super Market,Small Supermarket,4171.056665
FAISALABAD II,15147363,Hassan Traders-LMT,2019,FAISALABAD-SPMKT,HPC,SUNSILK COND,HAIR CARE,LMT +  Interface,Urban,Super Market,Small Supermarket,74113.27268
FAISALABAD II,15147363,Hassan Traders-LMT,2019,FAISALABAD-SPMKT,HPC,SUNSILK COND,HAIR CARE,LMT +  Interface,Urban,Super Market,Small Supermarket,234121.3329
FAISALABAD II,15147363,Hassan Traders-LMT,2019,FAISALABAD-SPMKT,HPC,SUNSILK COND,HAIR CARE,LMT +  Interface,Urban,Super Market,Small Supermarket,4573.19109
FAISALABAD II,15147363,Hassan Traders-LMT,2019,FAISALABAD-SPMKT,HPC,SUNSILK SHAMPOO,HAIR CARE,LMT +  Interface,Urban,Super Market,Small Supermarket,842970.1084
FAISALABAD II,15147363,Hassan Traders-LMT,2019,FAISALABAD-SPMKT,HPC,SUNSILK SHAMPOO,HAIR CARE,LMT +  Interface,Urban,Super Market,Small Supermarket,1127837.029
FAISALABAD II,15147363,Hassan Traders-LMT,2019,FAISALABAD-SPMKT,HPC,SUNSILK SHAMPOO,HAIR CARE,LMT +  Interface,Urban,Super Market,Small Supermarket,18739.35907
FAISALABAD II,15147363,Hassan Traders-LMT,2019,FAISALABAD-SPMKT,HPC,SURF EXCEL,LAUNDRY,LMT +  Interface,Urban,Super Market,Small Supermarket,1630224.28
FAISALABAD II,15147363,Hassan Traders-LMT,2019,FAISALABAD-SPMKT,HPC,SURF EXCEL,LAUNDRY,LMT +  Interface,Urban,Super Market,Small Supermarket,2838601.098
FAISALABAD II,15147363,Hassan Traders-LMT,2019,FAISALABAD-SPMKT,HPC,SURF EXCEL,LAUNDRY,LMT +  Interface,Urban,Super Market,Small Supermarket,7345.594565
FAISALABAD II,15147363,Hassan Traders-LMT,2019,FAISALABAD-SPMKT,HPC,SURF MATIC,LAUNDRY,LMT +  Interface,Urban,Super Market,Small Supermarket,42466.47264
FAISALABAD II,15147363,Hassan Traders-LMT,2019,FAISALABAD-SPMKT,HPC,SURF MATIC,LAUNDRY,LMT +  Interface,Urban,Super Market,Small Supermarket,77442.19636
FAISALABAD II,15147363,Hassan Traders-LMT,2019,FAISALABAD-SPMKT,HPC,SURF MATIC,LAUNDRY,LMT +  Interface,Urban,Super Market,Small Supermarket,7045.353012
FAISALABAD II,15147363,Hassan Traders-LMT,2019,FAISALABAD-SPMKT,HPC,VASELINE,SKIN CARE,LMT +  Interface,Urban,Super Market,Small Supermarket,58293.279
FAISALABAD II,15147363,Hassan Traders-LMT,2019,FAISALABAD-SPMKT,HPC,VASELINE,SKIN CARE,LMT +  Interface,Urban,Super Market,Small Supermarket,169499.9887
FAISALABAD II,15147363,Hassan Traders-LMT,2019,FAISALABAD-SPMKT,HPC,VIA DIOS,SKIN CARE,LMT +  Interface,Urban,Super Market,Small Supermarket,16856.56856
FAISALABAD II,15147363,Hassan Traders-LMT,2019,FAISALABAD-SPMKT,HPC,VIA DIOS,SKIN CARE,LMT +  Interface,Urban,Super Market,Small Supermarket,134539.6655
FAISALABAD II,15147363,Hassan Traders-LMT,2019,FAISALABAD-SPMKT,HPC,VIA DIOS,SKIN CARE,LMT +  Interface,Urban,Super Market,Small Supermarket,215.107023
FAISALABAD II,15147363,Hassan Traders-LMT,2019,FAISALABAD-SPMKT,HPC,VIM BAR,HHC,LMT +  Interface,Urban,Super Market,Small Supermarket,33357.07187
FAISALABAD II,15147363,Hassan Traders-LMT,2019,FAISALABAD-SPMKT,HPC,VIM BAR,HHC,LMT +  Interface,Urban,Super Market,Small Supermarket,59516.36874
FAISALABAD II,15147363,Hassan Traders-LMT,2019,FAISALABAD-SPMKT,HPC,VIM BAR,HHC,LMT +  Interface,Urban,Super Market,Small Supermarket,3881.036465
FAISALABAD II,15147363,Hassan Traders-LMT,2019,FAISALABAD-SPMKT,HPC,VIM LIQUID,HHC,LMT +  Interface,Urban,Super Market,Small Supermarket,49152.53188
FAISALABAD II,15147363,Hassan Traders-LMT,2019,FAISALABAD-SPMKT,HPC,VIM LIQUID,HHC,LMT +  Interface,Urban,Super Market,Small Supermarket,94709.34206
FAISALABAD II,15147363,Hassan Traders-LMT,2019,FAISALABAD-SPMKT,HPC,VIM LIQUID,HHC,LMT +  Interface,Urban,Super Market,Small Supermarket,735.9924
FAISALABAD II,15147363,Hassan Traders-LMT,2019,FAISALABAD-SPMKT,HPC,VIM POWDER,HHC,LMT +  Interface,Urban,Super Market,Small Supermarket,41666.227
FAISALABAD II,50250321,Hassan Traders,2019,FAISALABAD - HASSAN,SPREADS,BLUE BAND,SPREADS,FG Exc. Interface,Urban,Retailer,Family Grocery,18506.0329
FAISALABAD II,50250321,Hassan Traders,2019,FAISALABAD - HASSAN,SPREADS,BLUE BAND,SPREADS,FG Exc. Interface,Urban,Retailer,Family Grocery,61619.3365
FAISALABAD II,50250321,Hassan Traders,2019,FAISALABAD - HASSAN,SPREADS,BLUE BAND,SPREADS,FG Exc. Interface,Urban,Retailer,Family Grocery,24562.11077
FAISALABAD II,50250321,Hassan Traders,2019,FAISALABAD - HASSAN,SPREADS,BLUE BAND,SPREADS,LMT +  Interface,Urban,Super Market,Small Supermarket,1964.8664
FAISALABAD II,50250321,Hassan Traders,2019,FAISALABAD - HASSAN,SPREADS,BLUE BAND,SPREADS,Mohalla,Rural,Retailer,Mom & Pop,1916.5921
FAISALABAD II,50250321,Hassan Traders,2019,FAISALABAD - HASSAN,SPREADS,BLUE BAND,SPREADS,Mohalla,Rural,Retailer,Mom & Pop,1288.6
FAISALABAD II,50250321,Hassan Traders,2019,FAISALABAD - HASSAN,SPREADS,BLUE BAND,SPREADS,Mohalla,Rural,Retailer,Mom & Pop,2899.35
FAISALABAD II,50250321,Hassan Traders,2019,FAISALABAD - HASSAN,SPREADS,BLUE BAND,SPREADS,Mohalla,Rural,Retailer,Mom & Pop,2013.44
FAISALABAD II,50250321,Hassan Traders,2019,FAISALABAD - HASSAN,SPREADS,BLUE BAND,SPREADS,Mohalla,Urban,Activation,Mom & Pop,310145.0713
FAISALABAD II,50250321,Hassan Traders,2019,FAISALABAD - HASSAN,SPREADS,BLUE BAND,SPREADS,Mohalla,Urban,Retailer,Mom & Pop,259441.993
FAISALABAD II,50250321,Hassan Traders,2019,FAISALABAD - HASSAN,SPREADS,BLUE BAND,SPREADS,Mohalla,Urban,Retailer,Mom & Pop,23209.33465
FAISALABAD II,50250321,Hassan Traders,2019,FAISALABAD - HASSAN,SPREADS,BLUE BAND,SPREADS,Mohalla,Urban,Retailer,Mom & Pop,84379.1808
FAISALABAD II,50250321,Hassan Traders,2019,FAISALABAD - HASSAN,SPREADS,BLUE BAND,SPREADS,Mohalla,Urban,Retailer,Mom & Pop,58159.74477
FAISALABAD II,50250321,Hassan Traders,2019,FAISALABAD - HASSAN,SPREADS,BLUE BAND,SPREADS,Mohalla,Urban,Retailer,Mom & Pop,68150.1037
FAISALABAD II,50250321,Hassan Traders,2019,FAISALABAD - HASSAN,SPREADS,BLUE BAND,SPREADS,Mohalla,Urban,Retailer,Mom & Pop,351764.3086
FAISALABAD II,50250321,Hassan Traders,2019,FAISALABAD - HASSAN,SPREADS,BLUE BAND,SPREADS,Others,Rural,Retailer,Others,322.15
FAISALABAD II,50250321,Hassan Traders,2019,FAISALABAD - HASSAN,SPREADS,BLUE BAND,SPREADS,Others,Urban,POC,Others,6837.2572
FAISALABAD II,50250321,Hassan Traders,2019,FAISALABAD - HASSAN,SPREADS,BLUE BAND,SPREADS,Others,Urban,Retailer,Others,4079.4298
FAISALABAD II,50250321,Hassan Traders,2019,FAISALABAD - HASSAN,SPREADS,BLUE BAND,SPREADS,Others,Urban,Retailer,Others,37417.7587
FAISALABAD II,50250321,Hassan Traders,2019,FAISALABAD - HASSAN,SPREADS,BLUE BAND,SPREADS,Wholesale,Rural,Whole Seller,RTM,6231.1656
FAISALABAD II,50250321,Hassan Traders,2019,FAISALABAD - HASSAN,SPREADS,BLUE BAND,SPREADS,Wholesale,Rural,Whole Seller,RTM,1288.6
FAISALABAD II,50250321,Hassan Traders,2019,FAISALABAD - HASSAN,SPREADS,BLUE BAND,SPREADS,Wholesale,Urban,Whole Seller,RTM,40.268812
JHANG,15185885,S.H. TRADERS,2019,GOJRA,BEVERAGES,LIPTON,BEVERAGES,Bakery,Rural,Retailer,Bakery,1692.399732
JHANG,15185885,S.H. TRADERS,2019,GOJRA,BEVERAGES,LIPTON,BEVERAGES,Bakery,Urban,Retailer,Bakery,70278.89936
JHANG,15185885,S.H. TRADERS,2019,GOJRA,BEVERAGES,LIPTON,BEVERAGES,Bakery,Urban,Retailer,Bakery,1825.372
JHANG,15185885,S.H. TRADERS,2019,GOJRA,BEVERAGES,LIPTON,BEVERAGES,FG Exc. Interface,Rural,Retailer,Family Grocery,1498.986
JHANG,15185885,S.H. TRADERS,2019,GOJRA,BEVERAGES,LIPTON,BEVERAGES,FG Exc. Interface,Rural,Retailer,Family Grocery,34984.30899
JHANG,15185885,S.H. TRADERS,2019,GOJRA,BEVERAGES,LIPTON,BEVERAGES,FG Exc. Interface,Urban,Retailer,Family Grocery,115167.7364
JHANG,15185885,S.H. TRADERS,2019,GOJRA,BEVERAGES,LIPTON,BEVERAGES,FG Exc. Interface,Urban,Retailer,Family Grocery,11484.13136
JHANG,15185885,S.H. TRADERS,2019,GOJRA,BEVERAGES,LIPTON,BEVERAGES,FG Exc. Interface,Urban,Retailer,Family Grocery,39779.39678
JHANG,15185885,S.H. TRADERS,2019,GOJRA,BEVERAGES,LIPTON,BEVERAGES,FG Exc. Interface,Urban,Retailer,Family Grocery,212122.0434
JHANG,15185885,S.H. TRADERS,2019,GOJRA,BEVERAGES,LIPTON,BEVERAGES,FG Exc. Interface,Urban,Retailer,Family Grocery,220608.2051
JHANG,15185885,S.H. TRADERS,2019,GOJRA,BEVERAGES,LIPTON,BEVERAGES,GT Hot Tea Shops,Rural,POC,GT,9756.355
JHANG,15185885,S.H. TRADERS,2019,GOJRA,BEVERAGES,LIPTON,BEVERAGES,GT Hot Tea Shops,Urban,POC,GT,1923.07691
JHANG,15185885,S.H. TRADERS,2019,GOJRA,BEVERAGES,LIPTON,BEVERAGES,GT Hot Tea Shops,Urban,POC,GT,23000.00557
JHANG,15185885,S.H. TRADERS,2019,GOJRA,BEVERAGES,LIPTON,BEVERAGES,GT Hot Tea Shops,Urban,POC,GT,47307.68263
JHANG,15185885,S.H. TRADERS,2019,GOJRA,BEVERAGES,LIPTON,BEVERAGES,LMT +  Interface,Urban,Super Market,Small Supermarket,2790664.62
JHANG,15185885,S.H. TRADERS,2019,GOJRA,BEVERAGES,LIPTON,BEVERAGES,Mohalla,Rural,Retailer,Mom & Pop,24326.21875
JHANG,15185885,S.H. TRADERS,2019,GOJRA,BEVERAGES,LIPTON,BEVERAGES,Mohalla,Rural,Retailer,Mom & Pop,61031.12168
JHANG,15185885,S.H. TRADERS,2019,GOJRA,BEVERAGES,LIPTON,BEVERAGES,Mohalla,Rural,Retailer,Mom & Pop,418002.552
JHANG,15185885,S.H. TRADERS,2019,GOJRA,BEVERAGES,LIPTON,BEVERAGES,Mohalla,Rural,Retailer,Mom & Pop,64835.00061
JHANG,15185885,S.H. TRADERS,2019,GOJRA,BEVERAGES,LIPTON,BEVERAGES,Mohalla,Rural,Retailer,Mom & Pop,703619.1006
JHANG,15185885,S.H. TRADERS,2019,GOJRA,BEVERAGES,LIPTON,BEVERAGES,Mohalla,Rural,Retailer,Mom & Pop,81835.56891
JHANG,15185885,S.H. TRADERS,2019,GOJRA,BEVERAGES,LIPTON,BEVERAGES,Mohalla,Rural,Retailer,Mom & Pop,255209.7967
JHANG,15185885,S.H. TRADERS,2019,GOJRA,BEVERAGES,LIPTON,BEVERAGES,Mohalla,Rural,Retailer,Mom & Pop,123803.0469
JHANG,15185885,S.H. TRADERS,2019,GOJRA,BEVERAGES,LIPTON,BEVERAGES,Mohalla,Rural,Retailer,Mom & Pop,248758.5666
JHANG,15185885,S.H. TRADERS,2019,GOJRA,BEVERAGES,LIPTON,BEVERAGES,Mohalla,Rural,Retailer,Mom & Pop,262120.464
JHANG,15185885,S.H. TRADERS,2019,GOJRA,BEVERAGES,LIPTON,BEVERAGES,Mohalla,Urban,Retailer,Mom & Pop,1643452.303
JHANG,15185885,S.H. TRADERS,2019,GOJRA,BEVERAGES,LIPTON,BEVERAGES,Mohalla,Urban,Retailer,Mom & Pop,181122.9265
JHANG,15185885,S.H. TRADERS,2019,GOJRA,BEVERAGES,LIPTON,BEVERAGES,Mohalla,Urban,Retailer,Mom & Pop,12688.96833
JHANG,15185885,S.H. TRADERS,2019,GOJRA,BEVERAGES,LIPTON,BEVERAGES,Mohalla,Urban,Retailer,Mom & Pop,490731.2628
JHANG,15185885,S.H. TRADERS,2019,GOJRA,BEVERAGES,LIPTON,BEVERAGES,Mohalla,Urban,Retailer,Mom & Pop,57577.83428
JHANG,15185885,S.H. TRADERS,2019,GOJRA,BEVERAGES,LIPTON,BEVERAGES,Mohalla,Urban,Retailer,Mom & Pop,237483.8656
JHANG,15185885,S.H. TRADERS,2019,GOJRA,BEVERAGES,LIPTON,BEVERAGES,Mohalla,Urban,Retailer,Mom & Pop,330432.5278
JHANG,15185885,S.H. TRADERS,2019,GOJRA,BEVERAGES,LIPTON,BEVERAGES,Others,Rural,Retailer,Others,5858.932
JHANG,15185885,S.H. TRADERS,2019,GOJRA,BEVERAGES,LIPTON,BEVERAGES,Others,Urban,POC,Hotels/Restaurants,7243.593552
JHANG,15185885,S.H. TRADERS,2019,GOJRA,BEVERAGES,LIPTON,BEVERAGES,Others,Urban,POC,Others,4179.485
JHANG,15185885,S.H. TRADERS,2019,GOJRA,BEVERAGES,LIPTON,BEVERAGES,Wholesale,Rural,Whole Seller,RTM,3066247.612
JHANG,15185885,S.H. TRADERS,2019,GOJRA,BEVERAGES,LIPTON,BEVERAGES,Wholesale,Rural,Whole Seller,RTM,34053.48996
JHANG,15185885,S.H. TRADERS,2019,GOJRA,BEVERAGES,LIPTON,BEVERAGES,Wholesale,Rural,Whole Seller,RTM,117174.5042
JHANG,15185885,S.H. TRADERS,2019,GOJRA,BEVERAGES,LIPTON,BEVERAGES,Wholesale,Rural,Whole Seller,RTM,4682.309
JHANG,15185885,S.H. TRADERS,2019,GOJRA,BEVERAGES,LIPTON,BEVERAGES,Wholesale,Urban,Whole Seller,RTM,564.133
JHANG,15185885,S.H. TRADERS,2019,GOJRA,BEVERAGES,LIPTON,BEVERAGES,Wholesale,Urban,Whole Seller,RTM,3286295.974
JHANG,15185885,S.H. TRADERS,2019,GOJRA,BEVERAGES,LIPTON,BEVERAGES,Wholesale,Urban,Whole Seller,RTM,142967.3954
JHANG,15185885,S.H. TRADERS,2019,GOJRA,BEVERAGES,LIPTON T/B,BEVERAGES,Bakery,Urban,Retailer,Bakery,6296.63707
JHANG,15185885,S.H. TRADERS,2019,GOJRA,BEVERAGES,LIPTON T/B,BEVERAGES,Bakery,Urban,Retailer,Bakery,228.692
JHANG,15185885,S.H. TRADERS,2019,GOJRA,BEVERAGES,LIPTON T/B,BEVERAGES,FG Exc. Interface,Urban,Retailer,Family Grocery,1326.412126
JHANG,15185885,S.H. TRADERS,2019,GOJRA,BEVERAGES,LIPTON T/B,BEVERAGES,FG Exc. Interface,Urban,Retailer,Family Grocery,5290.403
JHANG,15185885,S.H. TRADERS,2019,GOJRA,BEVERAGES,LIPTON T/B,BEVERAGES,FG Exc. Interface,Urban,Retailer,Family Grocery,5137.9417
JHANG,15185885,S.H. TRADERS,2019,GOJRA,BEVERAGES,LIPTON T/B,BEVERAGES,FG Exc. Interface,Urban,Retailer,Family Grocery,15368.08133
JHANG,15185885,S.H. TRADERS,2019,GOJRA,BEVERAGES,LIPTON T/B,BEVERAGES,FG Exc. Interface,Urban,Retailer,Family Grocery,11815.72462
JHANG,15185885,S.H. TRADERS,2019,GOJRA,BEVERAGES,LIPTON T/B,BEVERAGES,LMT +  Interface,Urban,Super Market,Small Supermarket,13279.36755
JHANG,15185885,S.H. TRADERS,2019,GOJRA,BEVERAGES,LIPTON T/B,BEVERAGES,Mohalla,Rural,Retailer,Mom & Pop,304.922
JHANG,15185885,S.H. TRADERS,2019,GOJRA,BEVERAGES,LIPTON T/B,BEVERAGES,Mohalla,Rural,Retailer,Mom & Pop,2957.7461
JHANG,15185885,S.H. TRADERS,2019,GOJRA,BEVERAGES,LIPTON T/B,BEVERAGES,Mohalla,Rural,Retailer,Mom & Pop,381.152636
JHANG,15185885,S.H. TRADERS,2019,GOJRA,BEVERAGES,LIPTON T/B,BEVERAGES,Mohalla,Rural,Retailer,Mom & Pop,5366.6368
JHANG,15185885,S.H. TRADERS,2019,GOJRA,BEVERAGES,LIPTON T/B,BEVERAGES,Mohalla,Rural,Retailer,Mom & Pop,457.3822
JHANG,15185885,S.H. TRADERS,2019,GOJRA,BEVERAGES,LIPTON T/B,BEVERAGES,Mohalla,Rural,Retailer,Mom & Pop,304.9222
JHANG,15185885,S.H. TRADERS,2019,GOJRA,BEVERAGES,LIPTON T/B,BEVERAGES,Mohalla,Rural,Retailer,Mom & Pop,228.6916
JHANG,15185885,S.H. TRADERS,2019,GOJRA,BEVERAGES,LIPTON T/B,BEVERAGES,Mohalla,Rural,Retailer,Mom & Pop,1501.7418
JHANG,15185885,S.H. TRADERS,2019,GOJRA,BEVERAGES,LIPTON T/B,BEVERAGES,Mohalla,Rural,Retailer,Mom & Pop,2286.916
JHANG,15185885,S.H. TRADERS,2019,GOJRA,BEVERAGES,LIPTON T/B,BEVERAGES,Mohalla,Urban,Retailer,Mom & Pop,41964.94755
JHANG,15185885,S.H. TRADERS,2019,GOJRA,BEVERAGES,LIPTON T/B,BEVERAGES,Mohalla,Urban,Retailer,Mom & Pop,4284.1638
JHANG,15185885,S.H. TRADERS,2019,GOJRA,BEVERAGES,LIPTON T/B,BEVERAGES,Mohalla,Urban,Retailer,Mom & Pop,457.384
JHANG,15185885,S.H. TRADERS,2019,GOJRA,BEVERAGES,LIPTON T/B,BEVERAGES,Mohalla,Urban,Retailer,Mom & Pop,54603.93305
JHANG,15185885,S.H. TRADERS,2019,GOJRA,BEVERAGES,LIPTON T/B,BEVERAGES,Mohalla,Urban,Retailer,Mom & Pop,3483.736772
JHANG,15185885,S.H. TRADERS,2019,GOJRA,BEVERAGES,LIPTON T/B,BEVERAGES,Mohalla,Urban,Retailer,Mom & Pop,16359.06942
JHANG,15185885,S.H. TRADERS,2019,GOJRA,BEVERAGES,LIPTON T/B,BEVERAGES,Mohalla,Urban,Retailer,Mom & Pop,11099.1657
JHANG,15185885,S.H. TRADERS,2019,GOJRA,BEVERAGES,LIPTON T/B,BEVERAGES,Wholesale,Urban,Whole Seller,RTM,11937.717
JHANG,15185885,S.H. TRADERS,2019,GOJRA,BEVERAGES,SUPREME,BEVERAGES,Bakery,Rural,Retailer,Bakery,9658.988217
JHANG,15185885,S.H. TRADERS,2019,GOJRA,BEVERAGES,SUPREME,BEVERAGES,Bakery,Urban,Retailer,Bakery,58673.46802
JHANG,15185885,S.H. TRADERS,2019,GOJRA,BEVERAGES,SUPREME,BEVERAGES,Bakery,Urban,Retailer,Bakery,765.609
JHANG,15185885,S.H. TRADERS,2019,GOJRA,BEVERAGES,SUPREME,BEVERAGES,FG Exc. Interface,Rural,Retailer,Family Grocery,9548.054
JHANG,15185885,S.H. TRADERS,2019,GOJRA,BEVERAGES,SUPREME,BEVERAGES,FG Exc. Interface,Rural,Retailer,Family Grocery,39140.83416
JHANG,15185885,S.H. TRADERS,2019,GOJRA,BEVERAGES,SUPREME,BEVERAGES,FG Exc. Interface,Urban,Retailer,Family Grocery,369877.6776
JHANG,15185885,S.H. TRADERS,2019,GOJRA,BEVERAGES,SUPREME,BEVERAGES,FG Exc. Interface,Urban,Retailer,Family Grocery,18375.66666
JHANG,15185885,S.H. TRADERS,2019,GOJRA,BEVERAGES,SUPREME,BEVERAGES,FG Exc. Interface,Urban,Retailer,Family Grocery,69206.77653
JHANG,15185885,S.H. TRADERS,2019,GOJRA,BEVERAGES,SUPREME,BEVERAGES,FG Exc. Interface,Urban,Retailer,Family Grocery,419200.1185
JHANG,15185885,S.H. TRADERS,2019,GOJRA,BEVERAGES,SUPREME,BEVERAGES,FG Exc. Interface,Urban,Retailer,Family Grocery,521566.5827
JHANG,15185885,S.H. TRADERS,2019,GOJRA,BEVERAGES,SUPREME,BEVERAGES,GT Hot Tea Shops,Rural,POC,GT,30807.68276
JHANG,15185885,S.H. TRADERS,2019,GOJRA,BEVERAGES,SUPREME,BEVERAGES,GT Hot Tea Shops,Urban,POC,GT,1384.616
JHANG,15185885,S.H. TRADERS,2019,GOJRA,BEVERAGES,SUPREME,BEVERAGES,GT Hot Tea Shops,Urban,POC,GT,333692.3014
JHANG,15185885,S.H. TRADERS,2019,GOJRA,BEVERAGES,SUPREME,BEVERAGES,GT Hot Tea Shops,Urban,POC,GT,119769.1569
JHANG,15185885,S.H. TRADERS,2019,GOJRA,BEVERAGES,SUPREME,BEVERAGES,LMT +  Interface,Urban,Super Market,Small Supermarket,5644427.835
JHANG,15185885,S.H. TRADERS,2019,GOJRA,BEVERAGES,SUPREME,BEVERAGES,Mohalla,Rural,Retailer,Mom & Pop,30831.00111
JHANG,15185885,S.H. TRADERS,2019,GOJRA,BEVERAGES,SUPREME,BEVERAGES,Mohalla,Rural,Retailer,Mom & Pop,81524.56559
JHANG,15185885,S.H. TRADERS,2019,GOJRA,BEVERAGES,SUPREME,BEVERAGES,Mohalla,Rural,Retailer,Mom & Pop,537760.3102
JHANG,15185885,S.H. TRADERS,2019,GOJRA,BEVERAGES,SUPREME,BEVERAGES,Mohalla,Rural,Retailer,Mom & Pop,104822.3599
JHANG,15185885,S.H. TRADERS,2019,GOJRA,BEVERAGES,SUPREME,BEVERAGES,Mohalla,Rural,Retailer,Mom & Pop,1232187.469
JHANG,15185885,S.H. TRADERS,2019,GOJRA,BEVERAGES,SUPREME,BEVERAGES,Mohalla,Rural,Retailer,Mom & Pop,139440.0983
JHANG,15185885,S.H. TRADERS,2019,GOJRA,BEVERAGES,SUPREME,BEVERAGES,Mohalla,Rural,Retailer,Mom & Pop,364015.4456
JHANG,15185885,S.H. TRADERS,2019,GOJRA,BEVERAGES,SUPREME,BEVERAGES,Mohalla,Rural,Retailer,Mom & Pop,206602.4353
JHANG,15185885,S.H. TRADERS,2019,GOJRA,BEVERAGES,SUPREME,BEVERAGES,Mohalla,Rural,Retailer,Mom & Pop,378349.4079
JHANG,15185885,S.H. TRADERS,2019,GOJRA,BEVERAGES,SUPREME,BEVERAGES,Mohalla,Rural,Retailer,Mom & Pop,324820.9474
JHANG,15185885,S.H. TRADERS,2019,GOJRA,BEVERAGES,SUPREME,BEVERAGES,Mohalla,Urban,Retailer,Mom & Pop,730547.5754
JHANG,15185885,S.H. TRADERS,2019,GOJRA,BEVERAGES,SUPREME,BEVERAGES,Mohalla,Urban,Retailer,Mom & Pop,127452.0858
JHANG,15185885,S.H. TRADERS,2019,GOJRA,BEVERAGES,SUPREME,BEVERAGES,Mohalla,Urban,Retailer,Mom & Pop,11937.25681
JHANG,15185885,S.H. TRADERS,2019,GOJRA,BEVERAGES,SUPREME,BEVERAGES,Mohalla,Urban,Retailer,Mom & Pop,566940.2941
JHANG,15185885,S.H. TRADERS,2019,GOJRA,BEVERAGES,SUPREME,BEVERAGES,Mohalla,Urban,Retailer,Mom & Pop,59249.03103
JHANG,15185885,S.H. TRADERS,2019,GOJRA,BEVERAGES,SUPREME,BEVERAGES,Mohalla,Urban,Retailer,Mom & Pop,428843.013
JHANG,15185885,S.H. TRADERS,2019,GOJRA,BEVERAGES,SUPREME,BEVERAGES,Mohalla,Urban,Retailer,Mom & Pop,303658.992
JHANG,15185885,S.H. TRADERS,2019,GOJRA,BEVERAGES,SUPREME,BEVERAGES,Others,Rural,Retailer,Others,6326.328
JHANG,15185885,S.H. TRADERS,2019,GOJRA,BEVERAGES,SUPREME,BEVERAGES,Others,Rural,Retailer,Others,805.904
JHANG,15185885,S.H. TRADERS,2019,GOJRA,BEVERAGES,SUPREME,BEVERAGES,Others,Urban,POC,Others,346.154
JHANG,15185885,S.H. TRADERS,2019,GOJRA,BEVERAGES,SUPREME,BEVERAGES,Others,Urban,POC,Hotels/Restaurants,34615.39615
JHANG,15185885,S.H. TRADERS,2019,GOJRA,BEVERAGES,SUPREME,BEVERAGES,Others,Urban,POC,Others,5192.295538
JHANG,15185885,S.H. TRADERS,2019,GOJRA,BEVERAGES,SUPREME,BEVERAGES,Wholesale,Rural,Whole Seller,RTM,7772436.65
JHANG,15185885,S.H. TRADERS,2019,GOJRA,BEVERAGES,SUPREME,BEVERAGES,Wholesale,Rural,Whole Seller,RTM,355899.4595
JHANG,15185885,S.H. TRADERS,2019,GOJRA,BEVERAGES,SUPREME,BEVERAGES,Wholesale,Rural,Whole Seller,RTM,390480.9403
JHANG,15185885,S.H. TRADERS,2019,GOJRA,BEVERAGES,SUPREME,BEVERAGES,Wholesale,Rural,Whole Seller,RTM,7204.787
JHANG,15185885,S.H. TRADERS,2019,GOJRA,BEVERAGES,SUPREME,BEVERAGES,Wholesale,Urban,Whole Seller,RTM,967.08558
JHANG,15185885,S.H. TRADERS,2019,GOJRA,BEVERAGES,SUPREME,BEVERAGES,Wholesale,Urban,Whole Seller,RTM,19747735.81
JHANG,15185885,S.H. TRADERS,2019,GOJRA,BEVERAGES,SUPREME,BEVERAGES,Wholesale,Urban,Whole Seller,RTM,533184.1053
JHANG,15185885,S.H. TRADERS,2019,GOJRA,FOODS,CHILLI GARLIC,SAVOURY,Bakery,Urban,Retailer,Bakery,1740.916
JHANG,15185885,S.H. TRADERS,2019,GOJRA,FOODS,CHILLI GARLIC,SAVOURY,Bakery,Urban,Retailer,Bakery,223.7191
JHANG,15185885,S.H. TRADERS,2019,GOJRA,FOODS,CHILLI GARLIC,SAVOURY,FG Exc. Interface,Urban,Retailer,Family Grocery,334.7902
JHANG,15185885,S.H. TRADERS,2019,GOJRA,FOODS,CHILLI GARLIC,SAVOURY,FG Exc. Interface,Urban,Retailer,Family Grocery,2302.569
JHANG,15185885,S.H. TRADERS,2019,GOJRA,FOODS,CHILLI GARLIC,SAVOURY,FG Exc. Interface,Urban,Retailer,Family Grocery,1520.3422
JHANG,15185885,S.H. TRADERS,2019,GOJRA,FOODS,CHILLI GARLIC,SAVOURY,LMT +  Interface,Urban,Super Market,Small Supermarket,1655.831602
JHANG,15185885,S.H. TRADERS,2019,GOJRA,FOODS,CHILLI GARLIC,SAVOURY,Mohalla,Rural,Retailer,Mom & Pop,66.9581
JHANG,15185885,S.H. TRADERS,2019,GOJRA,FOODS,CHILLI GARLIC,SAVOURY,Mohalla,Rural,Retailer,Mom & Pop,671.1573
JHANG,15185885,S.H. TRADERS,2019,GOJRA,FOODS,CHILLI GARLIC,SAVOURY,Mohalla,Rural,Retailer,Mom & Pop,447.4382
JHANG,15185885,S.H. TRADERS,2019,GOJRA,FOODS,CHILLI GARLIC,SAVOURY,Mohalla,Rural,Retailer,Mom & Pop,156.761
JHANG,15185885,S.H. TRADERS,2019,GOJRA,FOODS,CHILLI GARLIC,SAVOURY,Mohalla,Urban,Retailer,Mom & Pop,983.1027
JHANG,15185885,S.H. TRADERS,2019,GOJRA,FOODS,CHILLI GARLIC,SAVOURY,Mohalla,Urban,Retailer,Mom & Pop,4204.969
JHANG,15185885,S.H. TRADERS,2019,GOJRA,FOODS,CHILLI GARLIC,SAVOURY,Mohalla,Urban,Retailer,Mom & Pop,267.8322
JHANG,15185885,S.H. TRADERS,2019,GOJRA,FOODS,CHILLI GARLIC,SAVOURY,Mohalla,Urban,Retailer,Mom & Pop,2772.856331
JHANG,15185885,S.H. TRADERS,2019,GOJRA,FOODS,CHILLI GARLIC,SAVOURY,Mohalla,Urban,Retailer,Mom & Pop,1497.4991
JHANG,15185885,S.H. TRADERS,2019,GOJRA,FOODS,CORN FLOUR,RAFHAN,Bakery,Urban,Retailer,Bakery,2193.547
JHANG,15185885,S.H. TRADERS,2019,GOJRA,FOODS,CORN FLOUR,RAFHAN,FG Exc. Interface,Urban,Retailer,Family Grocery,451.608
JHANG,15185885,S.H. TRADERS,2019,GOJRA,FOODS,CORN FLOUR,RAFHAN,FG Exc. Interface,Urban,Retailer,Family Grocery,129.032
JHANG,15185885,S.H. TRADERS,2019,GOJRA,FOODS,CORN FLOUR,RAFHAN,FG Exc. Interface,Urban,Retailer,Family Grocery,2903.2282
JHANG,15185885,S.H. TRADERS,2019,GOJRA,FOODS,CORN FLOUR,RAFHAN,FG Exc. Interface,Urban,Retailer,Family Grocery,4387.087
JHANG,15185885,S.H. TRADERS,2019,GOJRA,FOODS,CORN FLOUR,RAFHAN,LMT +  Interface,Urban,Super Market,Small Supermarket,645.16
JHANG,15185885,S.H. TRADERS,2019,GOJRA,FOODS,CORN FLOUR,RAFHAN,Mohalla,Rural,Retailer,Mom & Pop,525.349
JHANG,15185885,S.H. TRADERS,2019,GOJRA,FOODS,CORN FLOUR,RAFHAN,Mohalla,Rural,Retailer,Mom & Pop,1493.0906
JHANG,15185885,S.H. TRADERS,2019,GOJRA,FOODS,CORN FLOUR,RAFHAN,Mohalla,Rural,Retailer,Mom & Pop,2046.087187
JHANG,15185885,S.H. TRADERS,2019,GOJRA,FOODS,CORN FLOUR,RAFHAN,Mohalla,Rural,Retailer,Mom & Pop,617.5109
JHANG,15185885,S.H. TRADERS,2019,GOJRA,FOODS,CORN FLOUR,RAFHAN,Mohalla,Rural,Retailer,Mom & Pop,645.1604
JHANG,15185885,S.H. TRADERS,2019,GOJRA,FOODS,CORN FLOUR,RAFHAN,Mohalla,Rural,Retailer,Mom & Pop,82.9494
JHANG,15185885,S.H. TRADERS,2019,GOJRA,FOODS,CORN FLOUR,RAFHAN,Mohalla,Rural,Retailer,Mom & Pop,645.1604
JHANG,15185885,S.H. TRADERS,2019,GOJRA,FOODS,CORN FLOUR,RAFHAN,Mohalla,Rural,Retailer,Mom & Pop,1373.2712
